<?xml version="1.0" encoding="UTF-8" ?>
<suite name="Exercise2" parallel="Tests" thread-count="2">
    <test name="ChromeBrowser">
        <parameter name="browser" value="chrome">
        </parameter>
        <classes>
            <class name="exercise2.Exercise2">
            </class>
        </classes>
    </test>
    <test name ="FirefoxBrowser">
        <parameter name="browser" value="firefox">
        </parameter>
        <classes>
            <class name="exercise2.Exercise2">
            </class>
        </classes>
    </test>
</suite>