<suite name="FinalAssignment" parallel="Tests" thread-count="2">
    <test name="ChromeTest">
        <parameter name="browser" value="chrome">
        </parameter>
        <classes>
            <class name="tests.TC2_VerifySuccessLoggedIn">
            </class>
        </classes>
    </test>
    <test name="FirefoxTest">
        <parameter name="browser" value="firefox">
        </parameter>
        <classes>
            <class name="tests.TC2_VerifySuccessLoggedIn">
            </class>
        </classes>
    </test>
</suite>